ID,Priority,Augment_Name,Category,Rarity,Affected_Stats,Description,Sprite_path,WhoImplements,TargetTypes
1,0,Melee attack increase and defense decrease,Player,"Common, Rare, Epic","damage*1.1,currentArmor*0.8",Perk increases melee attack by 10% and decreases physical damage defense by 10%,Resources/Sprites/Augments/1,Patryk,"Weapon,Player"
2,0,Unlocked melee,Player,Epic,NULL,Unlocked melee attack,Resources/Sprites/Augments/2,Kuba,Player
3,0,Obstacles generation,Map,Epic,NULL,Unlocked obstacles generation,Resources/Sprites/Augments/3,Patryk,Global
4,0,Unlocked obstacle drawer,Player,"Epic",NULL,Unlocked obstacle drawer,Resources/Sprites/Augments/4,Kuba,Player
5,0,Tower damage increase,Tower,"Common, Rare, Epic",tower_damage+5,Increased tower attack,Resources/Sprites/Augments/5,Kuba,Tower
6,0,Berserker's Fury,Player,Legendary,player_damage_stack_kill*1.02,Player attack increases by 2% for each enemy killed resets on taking damage,Resources/Sprites/Augments/6,Kuba,Player
7,0,Rapid Fire,Player,Epic,"attackCooldown*0.714,damage*0.85",Increases player attack speed by 40% decreases damage by 15%,Resources/Sprites/Augments/7,Kuba,Player
8,0,Lifesteal,Player,Epic,lifesteal_percentage=0.15,Player heals for 15% of damage dealt,Resources/Sprites/Augments/8,Kuba,Player
9,0,Armor Plating,Player,Common,currentArmor*1.2,Reduces all incoming damage by 20%,Resources/Sprites/Augments/9,Patryk,Player
10,0,Regeneration,Player,Epic,healthRegenRate+0.02,Slowly heal 2% max health per second when not taking damage,Resources/Sprites/Augments/10,Patryk,Player
11,0,Immunity Phases,Player,Legendary,NULL,Become immune to damage for 2 seconds after taking a hit (15s cooldown),Resources/Sprites/Augments/11,Kub,Player
12,0,Damage Reflection,Player,Rare,reflection_percentage=0.30,Reflect 30% of received damage back to attackers,Resources/Sprites/Augments/12,Kuba,Player
13,0,Ice Armor,Player,Epic,ice_armor_duration=3,Freeze enemy attackers for 3 seconds when hit,Resources/Sprites/Augments/13,Kuba,Player
14,0,Speed Boost,Player,Common,moveSpeed*1.3,+30% movement speed permanently,Resources/Sprites/Augments/14,Patryk,Player
15,0,Magnetic Field,Player,Epic,collectionRadius*1.5,Automatically collect resources within larger radius,Resources/Sprites/Augments/15,Kuba,Player
16,0,Freeze Ray,Tower,Epic,tower_freeze_chance=0.2,20% chance to freeze enemies for 2 seconds,Resources/Sprites/Augments/16,Kuba,Tower
17,0,Tower Healing,Tower,Rare,tower_health_regen+0.1,Towers slowly regenerate health over time,Resources/Sprites/Augments/17,Kuba,Tower
18,0,Overcharge,Tower,Epic,"tower_damage*1.08,tower_energy_cost*1.03",Towers deal 8% more damage but consume 3% more energy to fire,Resources/Sprites/Augments/18,Kuba,Tower
19,0,Rough Terrain,Map,Rare,"MoveSpeed*0.8,towerBuildCost*1.3",Enemies move slower but towers cost more,Resources/Sprites/Augments/19,Patryk,Enemy
20,0,Generator Abundance,Tower,Common,energyGenerationRate*1.15,15% more resource generation from Generator Towers,Resources/Sprites/Augments/20,Kuba,Tower
21,0,Scavenger's Paradise,Map,Rare,resource_generation*1.05,Defeating enemies yields 5% extra resources,Resources/Sprites/Augments/21,Kuba,Global
22,0,Economic Crisis,Map,Epic,"towerBuildCost*1.3,repairCostPerClick*1.3,globalResourceMultiplier*1.2",All costs increased by 30% and rewards by 20%,Resources/Sprites/Augments/22,Kuba,Global
23,0,Recycling Plant,Map,Common,towerSellRefundPercentage*1.3,Destroyed towers return 30% of their cost,Resources/Sprites/Augments/23,Kuba,Global
24,0,Symbiosis,Synergy,Legendary,proximity_tower_damage*1.2,Player presence near towers increase towers attack by 20%,Resources/Sprites/Augments/24,Kuba,Player
25,0,Tower Commander,Synergy,Rare,tower_energy_decay*0.7,Player presence near towers decrease constant natural energy decay by 30%,Resources/Sprites/Augments/25,Kuba,Tower
26,2,Environmental Mastery,Synergy,Epic,NULL,Player can activate map effects manually,Resources/Sprites/Augments/26,Patryk,
27,0,Escalation,Stack,Common,escalation_multiplier=1.02,Each wave cleared increases all damage by 2% (stacks infinitely),Resources/Sprites/Augments/27,Kuba,Player
28,0,Momentum,Stack,Rare,"momentum_health=1.03,momentum_damage=1.03",Consecutive kills without taking damage increase health and attack by 3%,Resources/Sprites/Augments/28,Kuba,Player
29,1,Friendly Fire,Special,Epic,"enemy_infighting_chance=0.5,enemy_infighting_duration=30",1 Random enemy attacks other enemies for 20 seconds (30s cooldown),Resources/Sprites/Augments/29,Kuba,Global
30,1,God Mode,Special,Legendary,"temporary_invincibility*1, max_health_reduction*0.96",Temporary invincibility for 60 seconds but permanently reduces max health afterward by 4%,Resources/Sprites/Augments/30,Patryk,
31,0,Player damage boost,Player,"Common, Rare, Epic, Legendary",damage*1.15,Increases player attack damage by 5%,Resources/Sprites/Augments/31,Patryk,Player
32,0,Player health increase,Player,"Common, Rare, Epic",maxHealth*1.25,Increases player maximum health by 15%,Resources/Sprites/Augments/32,Patryk,Player
33,0,Faster movement,Player,"Common, Rare, Epic",player_movement_speed*1.2,Increases player movement speed by 20%,Resources/Sprites/Augments/33,Patryk,Player
34,0,Health on kill,Player,Epic,health_per_kill=20,Restore 20 health points for each enemy killed,Resources/Sprites/Augments/34,Kuba,Player
35,0,Damage resistance,Player,Rare,player_armor*1.15,Reduces incoming damage by 15%,Resources/Sprites/Augments/35,Patryk,
36,0,Resource finder,Player,Rare,bonusResourceDropChance+0.2,Plus 20% chance enemies drop double resources when killed,Resources/Sprites/Augments/36,Kuba,Global
37,0,Quick revive,Player,Legendary,NULL,Instantly revive with 50% health when killed (once per wave),Resources/Sprites/Augments/37,Kuba,
38,0,Stamina boost,Player,"Common, Rare, Epic",maxStamina*1.2,Increases stamina capacity by 20%,Resources/Sprites/Augments/38,Patryk,Player
39,0,Tower damage increase,Tower,"Common, Rare",tower_damage*1.1,Increases all tower damage by 10%,Resources/Sprites/Augments/39,Kuba,Tower
40,0,Tower range boost,Tower,Common,tower_range*1.15,Increases all tower projectile range by 15%,Resources/Sprites/Augments/40,Kuba,Tower
41,0,Faster tower firing,Tower,Rare,tower_fire_rate*1.15,Increases tower firing speed by 15%,Resources/Sprites/Augments/41,Kuba,Tower
42,0,Tower health boost,Tower,Common,tower_max_health*1.15,Increases tower maximum health by 15%,Resources/Sprites/Augments/42,Kuba,Tower
43,0,Cheaper tower construction,Tower,Rare,towerBuildCost*0.85,Reduces tower construction costs by 15%,Resources/Sprites/Augments/43,Kuba,Global
44,0,Tower repair efficiency,Tower,Rare,tower_repair_cost*0.8,Tower repairs cost 20% less resources,Resources/Sprites/Augments/44,Kuba,Global
45,2,Tower targeting priority,Tower,Common,NULL,Towers automatically target closest enemies first,Resources/Sprites/Augments/45,Kuba,
46,0,Reinforced towers,Tower,Rare,tower_armor+0.05,Towers take 5% less damage from enemy attacks,Resources/Sprites/Augments/46,Kuba,Tower
47,0,Tower energy efficiency,Tower,Epic,"tower_energy_consumption*0.8,globalEnergyDecayRate*0.8","Towers consume 20% less energy",Resources/Sprites/Augments/47,Kuba,"Tower,Global"
48,0,Basic energy boost,Energy,Common,energy_generation_rate*1.2,Increases base energy generation by 20%,Resources/Sprites/Augments/48,Kuba,Tower
49,0,Energy cost reduction,Energy,Rare,"towerBuildCost*0.8,tower_energy_consumption*0.8,tower_repair_cost*0.8","All energy-consuming actions cost 20% less",Resources/Sprites/Augments/49,Kuba,"Tower,Global"
50,0,Overclocked generators,Energy,Epic,"energy_generation_rate*1.3,generatorSelfConsumption*1.2",Generators produce 30% more energy but wear out 20% faster,Resources/Sprites/Augments/50,Kuba,Tower
51,2,Smart energy management,Energy,Rare,NULL,Automatically optimizes energy distribution to most critical systems,Resources/Sprites/Augments/51,Kuba,
52,0,Enemy slowdown,Enemy,Common,MoveSpeed*0.85,All enemies move 15% slower,Resources/Sprites/Augments/52,Kuba,Enemy
53,0,Weaker enemy spawns,Enemy,Rare,Damage*0.85,All enemies deal 20% less damage,Resources/Sprites/Augments/53,Kuba,Enemy
54,0,Reduced enemy health,Enemy,Common,MaxHealth*0.75,All enemies have 25% less maximum health,Resources/Sprites/Augments/54,Kuba,Enemy
55,0,Delayed enemy waves,Enemy,Rare,wave_spawn_delay+15,Each wave starts 15 seconds later,Resources/Sprites/Augments/55,Kuba,Global
56,0,Enemy supply shortage,Enemy,Common,enemy_spawn_count*0.9,10% fewer enemies spawn per wave,Resources/Sprites/Augments/56,Kuba,Global
57,0,Resource deposits,Map,Common,resource_node_count=3,Adds 3 additional resource collection points to the map,Resources/Sprites/Augments/57,Kuba,Global
58,0,Favorable terrain,Map,Rare,additional_tower_rings+1,Additional outer ring for tower placement,Resources/Sprites/Augments/58,Kuba,Global
59,0,Tower synergy boost,Synergy,Rare,adjacent_tower_damage*1.15,Towers get 15% damage bonus when built near each other,Resources/Sprites/Augments/59,Kuba,Tower
60,0,Player tower coordination,Synergy,Epic,"currentArmor+10,armorReduction+0.10",Player and nearby towers both get +10 and 10% armor boost respectively,Resources/Sprites/Augments/60,Kuba,"Tower,Player"
61,0,Energy tower efficiency,Synergy,Common,tower_near_generator_efficiency*0.8,Towers near energy generators consume 20% less power,Resources/Sprites/Augments/61,Kuba,
62,0,Starting resource boost,Economy,Common,current_energy*1.50,Get 50% additional energy,Resources/Sprites/Augments/62,Kuba,Global
63,1,Cost reduction,Economy,Rare,{all_purchase_costs: -0.15},All purchases cost 15% less,Resources/Sprites/Augments/63,Patryk,
64,0,Auto-collect resources,Utility,Rare,collectionRadius*3.0,Automatically collects nearby resources without manual interaction,Resources/Sprites/Augments/64,Kuba,Player
65,0,Unlocked grappling hook,Player,Rare,NULL,Unlocked grappling hook weapon,Resources/Sprites/Augments/65,Kuba,
66,0,Unlocked ranged weapon,Player,Rare,NULL,Unlocked ranged weapon,Resources/Sprites/Augments/66,Kuba,
67,0,Adrenaline Rush,Player,Rare,"adrenaline_health_threshold=0.30,adrenaline_duration=15,adrenaline_cooldown=30,adrenaline_attack_speed=0.50,adrenaline_move_speed=0.50",When health drops below 30% - gain massive speed and attack rate for 15 seconds with 30 seconds cooldown,Resources/Sprites/Augments/67,Patryk,Player
68,0,Berserker Mode,Player,Epic,"berserker_damage_per_missing_health=0.02,berserker_defense_penalty=0.25",Gain 2% damage for every 1% health missing but lose 25% defense,Resources/Sprites/Augments/68,Kuba,Player
69,1,Combat Medic,Player,Epic,tower_energy_heal*1.30,Player can heal damaged towers at increased efficiencies,Resources/Sprites/Augments/69,Kuba,
70,0,Scrap Collector,Player,Common,"globalResourceMultiplier*1.20,towerSellRefundPercentage*1.20",Collect 20% more scrap materials from destroyed enemies and structures,Resources/Sprites/Augments/70,Kuba,Global
71,0,Energy Vampire Touch,Player,Epic,player_energy_drain+2,Drain 2 energy from enemies on successful melee attacks,Resources/Sprites/Augments/71,Kuba,Player
72,0,Energy Scavenging,Energy,Rare,energy_scavenging_amount+5,Gain 5 energy units for each enemy destroyed near Generators,Resources/Sprites/Augments/72,Kuba,Global
73,1,Core Shield Matrix,Central Core,Epic,core_shield+200,Provide energy-based shield with 200 hit points protecting the Central Core,Resources/Sprites/Augments/73,Kuba,Global
74,0,Core Repair Systems,Central Core,Rare,core_regen_rate+0.5,Core stops decaying and regenerates 0.5 energy per second after 30 seconds without getting damaged,Resources/Sprites/Augments/74,Kuba,Global
75,0,Core Energy Siphon,Central Core,Rare,core_energy_from_attacks*0.20,Core gains energy from enemy attacks converting 20% damage to Central Core health energy,Resources/Sprites/Augments/75,Kuba,Global
76,0,Pheromone Control,Player,Epic,player_enemy_confusion_aura=0.15,Nearby enemies have 15% chance to ignore you or attack each other,Resources/Sprites/Augments/76,Kuba,Player
77,0,Grappling Hook Damage,Player,"Rare, Epic, Legendary",grappling_hook_damage=15,Grappling Hook deals damage when shot at the enemy,Resources/Sprites/Augments/77,Kuba,Player
78,0,Increased Shield Defenses,Player,"Rare, Epic, Legendary",{player_damage: -0.15},Reduce incoming damage to the Player by 15%,Resources/Sprites/Augments/78,Patryk,
79,1,Lightning on dodge,Player,Legendary,lightning_dodge_damage=0.8,Row of lightning after dodge on the ground dealing 80% of base damage,Resources/Sprites/Augments/79,Kuba,Player
80,1,Fire on dodge,Player,Legendary,"fire_dodge_damage=0.2,fire_dodge_dot=0.05,fire_dodge_duration=10",Row of fire after dodge on the ground with 20% initial damage plus 5% damage over time per second for 10 seconds,Resources/Sprites/Augments/80,Kuba,Player
81,1,Unlock Shield,Player,Epic,NULL,Unlocks the Shield as an equippable weapon,Resources/Sprites/Augments/81,Kuba,Player
82,1,Multi-Shot,Tower,Rare,{tower_projectile_count: 2},Towers fire 2 additional projectiles at reduced damage,Resources/Sprites/Augments/82,Kuba,
83,1,Poison Coating,Tower,Common,"{tower_poison_damage_per_second: 0.05, tower_poison_duration: 8}",Tower attacks apply poison DoT (5% damage/sec for 8 seconds),Resources/Sprites/Augments/83,Kuba,
84,1,Critical Towers,Tower,Epic,{tower_crit_chance: 0.15},15% chance for towers to deal 300% damage,Resources/Sprites/Augments/84,Kuba,
85,1,Explosive Shells,Tower,Rare,{tower_explosion_radius: 1.5},Tower projectiles explode for area damage,Resources/Sprites/Augments/85,Kuba,
86,1,Extended Range,Tower,Common,{tower_range: 0.4},+40% tower range,Resources/Sprites/Augments/86,Kuba,
87,1,Sniper Mode,Tower,Epic,"{tower_range: 1.0, tower_attack_speed: -0.6}",Towers gain massive range but attack much slower,Resources/Sprites/Augments/87,Kuba,
88,1,Power Surge,Energy,Epic,NULL,Periodically generates 200% energy for 10 seconds,Resources/Sprites/Augments/88,Kuba,
89,1,Earthquake Zones,Map,Epic,NULL,Periodic tremors damage towers and stun enemies,Resources/Sprites/Augments/89,Patryk,
90,1,Resource Magnet,Synergy,Rare,NULL,Player movement generates energy for nearby generators,Resources/Sprites/Augments/90,Patryk,
91,1,Splash damage towers,Tower,Epic,{tower_splash_radius: 1.0},Towers deal splash damage in small radius,Resources/Sprites/Augments/91,Kuba,
92,1,Trade routes,Map,Rare,{passive_resource_income: 0.25},Generates 25% additional passive resource income,Resources/Sprites/Augments/92,Patryk,
93,1,Unlocked flamethrower,Player,"Rare, Epic, Legendary",NULL,Unlocked flamethrower weapon,Resources/Sprites/Augments/93,Patryk,
94,1,Unlocked portable obstacles,Player,"Rare, Epic, Legendary",NULL,Unlocked portable obstacles,Resources/Sprites/Augments/94,Patryk,
95,1,Modular Construction,Tower,Common,{tower_build_flexibility: 1.0},Towers can be quickly disassembled and rebuilt in new locations,Resources/Sprites/Augments/95,Kuba,
96,1,Self-Destruct Protocol,Tower,Legendary,{tower_destruction_damage: 5.0},Critically damaged towers can detonate dealing massive area damage,Resources/Sprites/Augments/96,Kuba,
97,1,Overclocking Modules,Energy,Epic,"{energy_output: 0.90, generator_lifespan: -0.30}",Generators produce 90% more energy but wear out 30% faster,Resources/Sprites/Augments/97,Kuba,
98,1,Core Weapon Systems,Central Core,Legendary,{core_offensive_capability: 1.0},Core can actively attack enemies with powerful integrated weapons,Resources/Sprites/Augments/98,Kuba,
99,2,Data Backup Systems,Central Core,Rare,{core_memory_protection: 1.0},Preserve all research and upgrades even if core is destroyed,Resources/Sprites/Augments/99,Kuba,
100,1,Symbiotic Armor,Player,Epic,{player_adaptive_resistance: 0.30},Armor adapts providing 30% resistance to most recent damage type received,Resources/Sprites/Augments/100,Patryk,
101,1,Mind Control Helmet,Player,Legendary,NULL,Temporarily control weak enemies making them fight for you (limited duration),Resources/Sprites/Augments/101,Patryk,
102,1,Gravity Well Generators,Tower,Epic,{tower_gravity_manipulation: 1.0},Create gravity fields that slow or trap enemies in specific areas,Resources/Sprites/Augments/102,Kuba,
103,1,Temporal Distortion Field,Tower,Legendary,{tower_time_dilation: 0.50},Slow down time in tower's area of effect making enemies move at half speed,Resources/Sprites/Augments/103,Kuba,
104,1,Holographic Decoys,Tower,Rare,{tower_decoy_generation: 3},Generate 3 fake towers that distract enemies but deal no damage,Resources/Sprites/Augments/104,Kuba,
105,2,Critical Strike,Player,Epic,{player_crit_chance: 0.25},25% chance to deal double damage on player attacks,Resources/Sprites/Augments/105,Patryk,
106,2,Explosive Rounds,Player,Rare,{player_explosion_radius: 2.0},Player projectiles explode on impact dealing area damage,Resources/Sprites/Augments/106,Patryk,
107,2,Piercing Shot,Player,Common,{player_pierce_count: 2},Player attacks penetrate through 2 additional enemies,Resources/Sprites/Augments/107,Patryk,
108,2,Charged Attacks,Player,Rare,{player_charge_damage: 2.0},Hold attack to charge for 200% damage but slower rate,Resources/Sprites/Augments/108,Patryk,
109,2,Mana Burn,Player,Rare,NULL,Player attacks drain enemy special abilities/shields,Resources/Sprites/Augments/109,Patryk,
110,2,Shield Generator,Player,Epic,{player_shield_hits: 3},Absorbs next 3 hits regenerates after 10 seconds without damage,Resources/Sprites/Augments/110,Patryk,
111,2,Dodge Master,Player,Rare,"{player_dodge_chance: 0.25, player_movement_speed_after_dodge: 0.15}",+25% dodge chance +15% movement speed after dodging,Resources/Sprites/Augments/111,Patryk,
112,2,Phase Walk,Player,Legendary,NULL,Can walk through enemies and walls for 3 seconds (20s cooldown),Resources/Sprites/Augments/112,Patryk,
113,2,Time Dilation,Player,Legendary,NULL,Slow down time by 50% for 5 seconds when health drops below 25%,Resources/Sprites/Augments/113,Patryk,
114,2,Chain Lightning,Tower,Epic,{tower_chain_targets: 3},Tower attacks jump to 3 nearby enemies with decreasing damage,Resources/Sprites/Augments/114,Kuba,
115,2,Armor Penetration,Tower,Rare,{tower_armor_penetration: 0.5},Tower attacks ignore 50% of enemy armor,Resources/Sprites/Augments/115,Kuba,
116,2,Homing Missiles,Tower,Epic,{tower_accuracy: 1.0},Tower projectiles track enemies with 100% accuracy,Resources/Sprites/Augments/116,Kuba,
117,2,Smart Targeting,Tower,Rare,NULL,Towers prioritize strongest enemies first,Resources/Sprites/Augments/117,Kuba,
118,2,Multi-Target,Tower,Epic,{tower_simultaneous_targets: 2},Towers can attack 2 enemies simultaneously,Resources/Sprites/Augments/118,Kuba,
119,2,Radar Enhancement,Tower,Common,NULL,Towers can target invisible/stealth enemies,Resources/Sprites/Augments/119,Kuba,
120,2,Predictive Targeting,Tower,Rare,{tower_accuracy: 0.3},Towers lead moving targets perfectly,Resources/Sprites/Augments/120,Kuba,
121,2,Shared Vision,Tower,Common,{tower_detection_radius: 0.4},Towers extend detection radius for nearby towers,Resources/Sprites/Augments/121,Kuba,
122,2,Repair Drones,Tower,Legendary,NULL,Damaged towers automatically repair to full health,Resources/Sprites/Augments/122,Kuba,
123,2,Upgrade Discount,Tower,Rare,{tower_upgrade_cost: -0.25},All tower upgrades cost 25% less resources,Resources/Sprites/Augments/123,Kuba,
124,2,Solar Panels,Energy,Common,{energy_generation_day: 0.25},+25% energy generation during day cycles,Resources/Sprites/Augments/124,Kuba,
125,2,Nuclear Core,Energy,Legendary,{energy_generation: 2.0},Massive energy boost but risk of explosion if destroyed,Resources/Sprites/Augments/125,Kuba,
126,2,Wind Turbines,Energy,Rare,NULL,Energy generation increases with number of moving enemies nearby,Resources/Sprites/Augments/126,Kuba,
127,2,Geothermal,Energy,Epic,{energy_generation_stability: 1.0},Consistent energy generation unaffected by external factors,Resources/Sprites/Augments/127,Kuba,
128,2,Energy Storage,Energy,Common,{energy_capacity: 0.5},Maximum energy capacity increased by 50%,Resources/Sprites/Augments/128,Kuba,
129,2,Efficient Conversion,Energy,Rare,{energy_waste_reduction: 0.3},Reduce energy waste by 30%,Resources/Sprites/Augments/129,Kuba,
130,2,Backup Generator,Energy,Rare,NULL,Emergency energy generation when main generators are destroyed,Resources/Sprites/Augments/130,Kuba,
131,2,Power Grid,Energy,Epic,{energy_transmission_range: 0.5},Energy generators share power across longer distances,Resources/Sprites/Augments/131,Kuba,
132,2,Wireless Power,Energy,Rare,NULL,Eliminate need for power lines/connections,Resources/Sprites/Augments/132,Kuba,
133,2,Energy Amplifiers,Energy,Common,{energy_generator_boost: 0.15},Nearby generators boost each other's output by 15%,Resources/Sprites/Augments/133,Kuba,
134,2,Smart Distribution,Energy,Rare,NULL,Automatically prioritize energy to most needed towers,Resources/Sprites/Augments/134,Kuba,
135,2,Elite Spawns,Enemy,Epic,"{enemy_health: 1.0, enemy_damage: 1.0, elite_spawn_chance: 0.1}",10% of enemies spawn with double health and damage,Resources/Sprites/Augments/135,Patryk,
136,2,Swarm Mode,Enemy,Rare,"{enemy_spawn_count: 0.5, enemy_health: -0.3}",Enemies spawn in larger groups but with less health,Resources/Sprites/Augments/136,Patryk,
137,2,Boss Rush,Enemy,Legendary,{boss_spawn_frequency: 0.5},Boss enemies spawn more frequently,Resources/Sprites/Augments/137,Patryk,
138,2,Invisible Stalkers,Enemy,Epic,{enemy_invisible_chance: 0.15},15% of enemies are invisible to most towers,Resources/Sprites/Augments/138,Patryk,
139,2,Speed Demons,Enemy,Rare,"{enemy_movement_speed: 0.5, fast_enemy_chance: 0.25}",25% of enemies move 50% faster,Resources/Sprites/Augments/139,Patryk,
140,2,Tank Division,Enemy,Epic,"{enemy_health: 2.0, enemy_movement_speed: -0.3, tank_enemy_chance: 0.2}",20% of enemies have triple health but move slower,Resources/Sprites/Augments/140,Patryk,
141,2,Regenerative,Enemy,Rare,{enemy_health_regen: 0.02},Enemies slowly heal when not taking damage,Resources/Sprites/Augments/141,Patryk,
142,2,Explosive Death,Enemy,Epic,{enemy_death_explosion_damage: 0.3},Enemies explode on death damaging nearby towers,Resources/Sprites/Augments/142,Patryk,
143,2,Shield Bearers,Enemy,Rare,{enemy_shield_chance: 0.3},Some enemies spawn with energy shields,Resources/Sprites/Augments/143,Patryk,
144,2,Spell Immunity,Enemy,Epic,{enemy_elemental_immunity_chance: 0.2},Certain enemies immune to elemental effects,Resources/Sprites/Augments/144,Patryk,
145,2,Adaptive Armor,Enemy,Legendary,NULL,Enemies become resistant to damage types that hit them,Resources/Sprites/Augments/145,Patryk,
146,2,Fog of War,Map,Epic,{vision_range: -0.4},Reduced vision range enemies can hide,Resources/Sprites/Augments/146,Patryk,
147,2,High Ground,Map,Common,{elevated_tower_range_bonus: 0.2},Towers on elevated positions gain +20% range,Resources/Sprites/Augments/147,Patryk,
148,2,Narrow Passages,Map,Rare,NULL,Choke points slow enemies but limit tower placement,Resources/Sprites/Augments/148,Patryk,
149,2,Dynamic Weather,Map,Epic,NULL,Weather effects modify tower and enemy performance,Resources/Sprites/Augments/149,Patryk,
150,2,Teleport Gates,Map,Legendary,NULL,Enemies can use portals to skip sections of the path,Resources/Sprites/Augments/150,Patryk,
151,2,Quicksand Traps,Map,Rare,{random_slow_zones: 0.4},Random areas slow enemy movement,Resources/Sprites/Augments/151,Patryk,
152,2,Lava Flows,Map,Epic,NULL,Environmental damage zones that affect both enemies and towers,Resources/Sprites/Augments/152,Patryk,
153,2,Day/Night Cycle,Map,Common,NULL,Different towers perform better at different times,Resources/Sprites/Augments/153,Patryk,
154,2,Seasonal Changes,Map,Rare,NULL,Map conditions change every few waves,Resources/Sprites/Augments/154,Patryk,
155,2,Radiation Fields,Map,Epic,NULL,Areas that boost certain tower types but harm others,Resources/Sprites/Augments/155,Patryk,
156,2,Magnetic Storms,Map,Rare,NULL,Interfere with electronic towers but boost energy generation,Resources/Sprites/Augments/156,Patryk,
157,2,Ancient Ruins,Map,Legendary,NULL,Provide powerful bonuses but attract stronger enemies,Resources/Sprites/Augments/157,Patryk,
158,2,Black Market,Map,Rare,NULL,Special vendor appears with unique upgrades,Resources/Sprites/Augments/158,Patryk,
159,2,Energy Vampire,Synergy,Epic,NULL,Player abilities consume energy but deal massive damage,Resources/Sprites/Augments/159,Patryk,
160,2,Adaptive Systems,Synergy,Legendary,NULL,All systems become more efficient as enemies get stronger,Resources/Sprites/Augments/160,Patryk,
161,2,Combo Master,Stack,Epic,NULL,Chaining different abilities provides exponential bonuses,Resources/Sprites/Augments/161,Patryk,
162,2,Perfect Harmony,Stack,Legendary,NULL,Having different augment types provides multiplicative bonuses,Resources/Sprites/Augments/162,Patryk,
163,2,Time Rewind,Special,Legendary,NULL,Can revert to previous wave once per game,Resources/Sprites/Augments/163,Patryk,
164,2,Duplicate,Special,Epic,NULL,Can have two of the same tower type in one location,Resources/Sprites/Augments/164,Patryk,
165,2,Tower Evolution,Special,Legendary,NULL,Towers automatically upgrade after killing enough enemies,Resources/Sprites/Augments/165,Patryk,
166,2,Chaos Mode,Special,Epic,NULL,Random effects occur every 30 seconds,Resources/Sprites/Augments/166,Patryk,
167,2,Reduced reload time,Player,Rare,{player_reload_speed: 0.30},Decreases weapon reload time by 30%,Resources/Sprites/Augments/167,Patryk,
168,2,Extra ammunition,Player,Rare,{player_ammo_capacity: 0.50},Increases ammunition capacity by 50%,Resources/Sprites/Augments/168,Patryk,
169,2,Improved accuracy,Player,Common,{player_accuracy: 0.25},Increases player shooting accuracy by 25%,Resources/Sprites/Augments/169,Patryk,
170,2,Sprint ability,Player,Rare,NULL,Unlocks sprint ability for faster movement,Resources/Sprites/Augments/170,Patryk,
171,2,Weapon upgrade discount,Player,Common,{player_weapon_upgrade_cost: -0.20},Weapon upgrades cost 20% less resources,Resources/Sprites/Augments/171,Patryk,
172,2,Double XP gain,Player,Epic,{player_experience_multiplier: 2.0},Gain double experience from all sources,Resources/Sprites/Augments/172,Patryk,
173,2,Melee counter-attack,Player,Epic,{player_melee_counter_damage: 1.5},Deal 150% damage when enemies attack you in melee range,Resources/Sprites/Augments/173,Patryk,
174,2,Multi-level towers,Tower,Legendary,NULL,Allows towers to be built on multiple height levels,Resources/Sprites/Augments/174,Kuba,
175,2,Tower maintenance reduction,Tower,Common,{tower_maintenance_cost: -0.50},Reduces ongoing tower maintenance costs by 50%,Resources/Sprites/Augments/175,Kuba,
176,2,Automated targeting,Tower,Rare,NULL,Towers automatically switch between optimal targeting modes,Resources/Sprites/Augments/176,Kuba,
177,2,Tower overwatch,Tower,Epic,{tower_detection_range: 0.60},Towers can detect enemies 60% further away,Resources/Sprites/Augments/177,Kuba,
178,2,Modular tower upgrades,Tower,Rare,NULL,Allows mixing different tower upgrade paths,Resources/Sprites/Augments/178,Kuba,
179,2,Energy efficiency,Energy,Common,{energy_loss_reduction: 0.25},Reduces energy transmission losses by 25%,Resources/Sprites/Augments/179,Kuba,
180,2,Faster energy recharge,Energy,Rare,{energy_recharge_speed: 0.45},Energy systems recharge 45% faster,Resources/Sprites/Augments/180,Kuba,
181,2,Emergency power,Energy,Epic,NULL,Provides backup power when main generators are damaged,Resources/Sprites/Augments/181,Kuba,
182,2,Portable generators,Energy,Rare,NULL,Unlocks ability to place temporary energy generators,Resources/Sprites/Augments/182,Kuba,
183,2,Energy sharing network,Energy,Epic,{energy_sharing_efficiency: 0.80},Improves energy distribution efficiency by 80%,Resources/Sprites/Augments/183,Kuba,
184,2,Energy storage upgrade,Energy,Common,{max_energy_storage: 0.60},Increases maximum energy storage capacity by 60%,Resources/Sprites/Augments/184,Kuba,
185,2,Renewable energy,Energy,Epic,{renewable_energy_percentage: 0.40},40% of energy comes from renewable sources (weather independent),Resources/Sprites/Augments/185,Kuba,
186,2,Energy recycling,Energy,Rare,{energy_waste_recovery: 0.35},Recovers 35% of wasted energy back into the grid,Resources/Sprites/Augments/186,Kuba,
187,2,Power surge protection,Energy,Common,NULL,Protects systems from energy fluctuations and surges,Resources/Sprites/Augments/187,Kuba,
188,2,Compact generators,Energy,Rare,{generator_space_requirement: -0.30},Energy generators require 30% less space,Resources/Sprites/Augments/188,Kuba,
189,2,Grid redundancy,Energy,Epic,NULL,Energy grid continues functioning even if multiple generators fail,Resources/Sprites/Augments/189,Kuba,
190,2,Enemy confusion,Enemy,Epic,{enemy_pathfinding_error: 0.15},15% chance enemies take wrong paths,Resources/Sprites/Augments/190,Patryk,
191,2,Reduced boss frequency,Enemy,Rare,{boss_spawn_rate: -0.40},Boss enemies spawn 40% less frequently,Resources/Sprites/Augments/191,Patryk,
192,2,Enemy equipment malfunction,Enemy,Epic,{enemy_ability_failure_rate: 0.20},20% chance enemy special abilities fail,Resources/Sprites/Augments/192,Patryk,
193,2,Vulnerable enemies,Enemy,Rare,{enemy_critical_hit_vulnerability: 0.30},Enemies take 30% more damage from critical hits,Resources/Sprites/Augments/193,Patryk,
194,2,Enemy coordination problems,Enemy,Epic,{enemy_group_bonus: -0.50},Enemies get 50% less benefit from group tactics,Resources/Sprites/Augments/194,Patryk,
195,2,Strategic positions,Map,Rare,{high_ground_positions: 5},Adds 5 elevated positions with tactical advantages,Resources/Sprites/Augments/195,Patryk,
196,2,Shorter enemy paths,Map,Epic,{enemy_path_length: -0.20},Enemy paths are 20% shorter,Resources/Sprites/Augments/196,Patryk,
197,2,Resource bonus zones,Map,Common,{resource_generation_zones: 2},Creates 2 zones with increased resource generation,Resources/Sprites/Augments/197,Patryk,
198,2,Natural barriers,Map,Rare,NULL,Adds natural obstacles that slow enemy movement,Resources/Sprites/Augments/198,Patryk,
199,2,Mineral deposits,Map,Common,{mineral_resource_rate: 0.50},Mineral-based resources generate 50% faster,Resources/Sprites/Augments/199,Patryk,
200,2,Water features,Map,Rare,NULL,Adds rivers or lakes that affect movement and provide tactical options,Resources/Sprites/Augments/200,Patryk,
201,2,Open sightlines,Map,Common,{tower_vision_range: 0.30},All towers have 30% better vision range,Resources/Sprites/Augments/201,Patryk,
202,2,Defensive positions,Map,Epic,{defensive_bonus_locations: 4},Creates 4 locations with natural defensive bonuses,Resources/Sprites/Augments/202,Patryk,
203,2,Salvage opportunities,Map,Common,{destroyed_enemy_resources: 0.15},Destroyed enemies have 15% chance to drop salvageable materials,Resources/Sprites/Augments/203,Patryk,
204,2,Exploration bonuses,Map,Rare,NULL,Hidden areas contain resource caches or upgrade materials,Resources/Sprites/Augments/204,Patryk,
205,2,Stable ground,Map,Common,{tower_stability_bonus: 0.20},Towers on stable ground have 20% better performance,Resources/Sprites/Augments/205,Patryk,
206,2,Communication network,Map,Epic,NULL,Improved coordination between all defensive systems,Resources/Sprites/Augments/206,Patryk,
207,2,Resource optimization,Synergy,Rare,{resource_efficiency_when_full: 0.30},All systems run 30% more efficiently when resources are abundant,Resources/Sprites/Augments/207,Patryk,
208,2,Combined arms tactics,Synergy,Epic,"{player_attack_when_towers_active: 0.20, tower_damage_when_player_nearby: 0.20}",Player and towers boost each other when working together,Resources/Sprites/Augments/208,Patryk,
209,2,Defensive coordination,Synergy,Rare,{defensive_systems_synergy: 0.25},All defensive systems work 25% better when multiple types are active,Resources/Sprites/Augments/209,Patryk,
210,2,Efficient logistics,Synergy,Common,{cost_reduction_when_organized: 0.15},All costs reduced by 15% when player maintains good resource management,Resources/Sprites/Augments/210,Patryk,
211,2,Tactical awareness,Synergy,Epic,{information_sharing_bonus: 0.30},Better information sharing improves all system effectiveness by 30%,Resources/Sprites/Augments/211,Patryk,
212,2,Integrated systems,Synergy,Legendary,{full_integration_bonus: 0.40},All systems gain 40% efficiency when player energy and towers are optimally coordinated,Resources/Sprites/Augments/212,Patryk,
213,2,Combat experience,Synergy,Rare,{experience_combat_bonus: 0.50},Gain 50% more experience when actively fighting alongside towers,Resources/Sprites/Augments/213,Patryk,
214,2,Income increase,Economy,Common,{passive_income_rate: 0.35},Increases passive resource generation by 35%,Resources/Sprites/Augments/214,Patryk,
215,2,Bulk purchase discount,Economy,Rare,{bulk_discount: 0.25},Get 25% discount when purchasing multiple items at once,Resources/Sprites/Augments/215,Patryk,
216,2,Resource conversion,Economy,Epic,NULL,Allows converting between different resource types at favorable rates,Resources/Sprites/Augments/216,Patryk,
217,2,Economic efficiency,Economy,Common,{resource_waste_reduction: 0.30},Reduces resource waste in all operations by 30%,Resources/Sprites/Augments/217,Patryk,
218,2,Investment returns,Economy,Epic,{long_term_investment_bonus: 0.60},Resources not spent immediately generate 60% returns over time,Resources/Sprites/Augments/218,Patryk,
219,2,Trading post,Economy,Rare,NULL,Unlocks ability to trade resources with neutral factions,Resources/Sprites/Augments/219,Patryk,
220,2,Resource insurance,Economy,Epic,{resource_loss_protection: 0.70},Protects 70% of resources when facilities are destroyed,Resources/Sprites/Augments/220,Patryk,
221,2,Emergency fund,Economy,Common,{emergency_resource_reserve: 0.20},Maintains 20% of all resources as emergency backup,Resources/Sprites/Augments/221,Patryk,
222,2,Quality of life upgrade,Utility,Common,NULL,Improves overall user interface and control responsiveness,Resources/Sprites/Augments/222,Patryk,
223,2,Quick build mode,Utility,Rare,{build_speed: 2.0},Towers and structures build twice as fast,Resources/Sprites/Augments/223,Patryk,
224,2,Repair automation,Utility,Epic,NULL,Damaged structures automatically begin repair when resources are available,Resources/Sprites/Augments/224,Patryk,
225,2,Strategic overview,Utility,Common,NULL,Provides enhanced minimap with tactical information,Resources/Sprites/Augments/225,Patryk,
226,2,Hotkey customization,Utility,Common,NULL,Allows full customization of control schemes,Resources/Sprites/Augments/226,Patryk,
227,2,Performance optimization,Utility,Rare,NULL,Improves game performance and reduces resource usage on system,Resources/Sprites/Augments/227,Patryk,
228,2,Save state protection,Utility,Epic,NULL,Automatically creates backup saves at critical moments,Resources/Sprites/Augments/228,Patryk,
229,2,Undo last action,Utility,Legendary,NULL,Allows undoing the last construction or upgrade decision (once per wave),Resources/Sprites/Augments/229,Patryk,
230,2,Batch operations,Utility,Rare,NULL,Allows selecting and upgrading multiple towers simultaneously,Resources/Sprites/Augments/230,Patryk,
231,2,Unlocked heavy melee weapon,Player,"Rare, Epic, Legendary",NULL,Unlocked heavy melee weapon,Resources/Sprites/Augments/231,Patryk,
232,2,Unlocked dagger melee weapon,Player,"Rare, Epic, Legendary",NULL,Unlocked dagger weapon,Resources/Sprites/Augments/232,Patryk,
233,2,Shadow Clone,Player,Legendary,NULL,Create a shadow copy that mimics your attacks for 10 seconds (60s cooldown),Resources/Sprites/Augments/233,Patryk,
234,2,Wall Climbing,Player,Rare,NULL,Player can climb walls and attack from elevated positions,Resources/Sprites/Augments/234,Patryk,
235,2,Inventory Expansion,Player,Common,{player_inventory_slots: 5},Add 5 additional inventory slots for carrying items and consumables,Resources/Sprites/Augments/235,Patryk,
236,2,Tool Belt,Player,Rare,NULL,Player can carry and quickly switch between 3 different weapon types,Resources/Sprites/Augments/236,Patryk,
237,2,Jetpack Boost,Player,Epic,NULL,Short-range flight ability with limited fuel that regenerates over time,Resources/Sprites/Augments/237,Patryk,
238,2,Thermal Vision,Player,Rare,NULL,See enemy heat signatures through walls and detect weak points for bonus damage,Resources/Sprites/Augments/238,Patryk,
239,2,Magnetic Boots,Player,Common,NULL,Walk on metal surfaces and structures including tower exteriors,Resources/Sprites/Augments/239,Patryk,
240,2,Overwatch Protocol,Player,Legendary,NULL,When player stops moving for 3+ seconds gain 200% accuracy and 50% damage,Resources/Sprites/Augments/240,Patryk,
241,2,Battle Scarred,Player,Rare,{player_damage_resistance_per_scar: 0.03},Gain 3% damage resistance for each time you've been critically injured (permanent),Resources/Sprites/Augments/241,Patryk,
242,2,Emergency Teleport,Player,Epic,NULL,Instantly teleport to nearest tower when health drops below 15% (once per wave),Resources/Sprites/Augments/242,Patryk,
243,2,Bunker Buster Towers,Tower,Epic,{tower_structure_damage: 3.0},Towers deal triple damage to enemy structures and heavily armored targets,Resources/Sprites/Augments/243,Kuba,
244,2,Adaptive Ammunition,Tower,Rare,NULL,Towers automatically switch ammunition type to counter current enemy types,Resources/Sprites/Augments/244,Kuba,
245,2,Siege Mode,Tower,Epic,"{tower_range: 1.5, tower_damage: 0.80, tower_mobility: 0}",Towers gain massive range and damage but cannot rotate or move,Resources/Sprites/Augments/245,Kuba,
246,2,Proximity Sensors,Tower,Rare,{tower_early_warning: 2.0},Towers detect approaching enemies 2 seconds earlier than normal,Resources/Sprites/Augments/246,Kuba,
247,2,Ammunition Factories,Tower,Epic,NULL,Certain towers generate ammunition for other towers reducing overall resource consumption,Resources/Sprites/Augments/247,Kuba,
248,2,Camouflage Netting,Tower,Common,{tower_stealth_rating: 0.60},Towers are 60% less likely to be targeted by enemy special attacks,Resources/Sprites/Augments/248,Kuba,
249,2,Overheating Prevention,Tower,Rare,{tower_sustained_fire_bonus: 0.45},Towers can fire continuously without performance degradation,Resources/Sprites/Augments/249,Kuba,
250,2,Targeting Computer,Tower,Epic,{tower_weak_spot_detection: 0.35},35% chance to hit enemy weak spots for double damage,Resources/Sprites/Augments/250,Kuba,
251,2,Ammo Conservation,Tower,Common,{tower_ammo_efficiency: 0.30},Towers use 30% less ammunition per shot,Resources/Sprites/Augments/251,Kuba,
252,2,Tower Networking,Tower,Epic,{tower_information_sharing: 1.0},Towers share targeting data improving accuracy of nearby towers,Resources/Sprites/Augments/252,Kuba,
253,2,Rapid Deployment,Tower,Rare,{tower_emergency_build_speed: 4.0},Can instantly build basic towers during combat at 2x resource cost,Resources/Sprites/Augments/253,Kuba,
254,2,Maintenance Drones,Tower,Rare,NULL,Small drones automatically perform routine maintenance extending tower lifespan,Resources/Sprites/Augments/254,Kuba,
255,2,Ricochet Systems,Tower,Epic,{tower_projectile_bounces: 2},Tower projectiles can bounce off surfaces to hit enemies around corners,Resources/Sprites/Augments/255,Kuba,
256,2,Solar Collection Arrays,Energy,Common,{energy_generation_daylight_hours: 0.55},Generate 55% more energy during daylight hours,Resources/Sprites/Augments/256,Kuba,
257,2,Kinetic Harvesters,Energy,Rare,{energy_from_movement: 0.15},Generate energy from player movement and enemy activity nearby,Resources/Sprites/Augments/257,Kuba,
258,2,Fusion Reactor Core,Energy,Legendary,"{energy_output: 4.0, fusion_instability_risk: 0.05}",Massive energy output but 5% chance of catastrophic failure,Resources/Sprites/Augments/258,Kuba,
259,2,Tidal Generators,Energy,Epic,{energy_from_water_proximity: 0.80},Generate 80% more energy when placed near water sources,Resources/Sprites/Augments/259,Kuba,
260,2,Battery Banks,Energy,Common,{energy_storage_buffer: 0.70},Increase energy storage capacity and provide power during outages,Resources/Sprites/Augments/260,Kuba,
261,2,Energy Theft Systems,Energy,Epic,NULL,Can tap into enemy energy sources and redirect power to your grid,Resources/Sprites/Augments/261,Kuba,
262,2,Superconductor Cables,Energy,Rare,{energy_transmission_loss: -0.80},Reduce energy loss during transmission by 80%,Resources/Sprites/Augments/262,Kuba,
263,2,Energy Weaponization,Energy,Legendary,NULL,Convert excess energy into direct-damage energy beams targeting enemies,Resources/Sprites/Augments/263,Kuba,
264,2,Backup Power Cells,Energy,Common,{emergency_power_duration: 30},Provide 30 seconds of backup power when main generators fail,Resources/Sprites/Augments/264,Kuba,
265,2,Energy Amplification,Energy,Epic,{energy_cascade_effect: 0.25},Each generator boosts nearby generators' output by 25%,Resources/Sprites/Augments/265,Kuba,
266,2,Piezoelectric Floors,Energy,Rare,{energy_from_footsteps: 2},Generate energy from player and enemy movement across special floor tiles,Resources/Sprites/Augments/266,Kuba,
267,2,Lightning Rods,Energy,Epic,{energy_from_weather: 0.40},Harness 40% more energy during storms and adverse weather,Resources/Sprites/Augments/267,Kuba,
268,2,Energy Compression,Energy,Rare,{energy_density: 2.0},Store twice as much energy in the same physical space,Resources/Sprites/Augments/268,Kuba,
269,2,Emergency Lockdown,Central Core,Legendary,NULL,Core becomes invulnerable for 30 seconds but all other systems shut down (once per game),Resources/Sprites/Augments/269,Kuba,
270,2,Core Overcharge,Central Core,Epic,"{all_systems_boost: 0.50, core_energy_drain: 2.0}",Boost all connected systems by 50% but drain core energy rapidly,Resources/Sprites/Augments/270,Kuba,
271,2,Redundant Core Systems,Central Core,Rare,{core_critical_failure_immunity: 1.0},Core cannot be destroyed by single devastating attacks,Resources/Sprites/Augments/271,Kuba,
272,2,Signal Amplification,Central Core,Common,{core_communication_range: 1.0},Extend command and control range for all connected systems,Resources/Sprites/Augments/272,Kuba,
273,2,Core Evacuation Pod,Central Core,Epic,NULL,Automatically evacuate core to safety location when health drops below 10%,Resources/Sprites/Augments/273,Kuba,
274,2,Core Transformation,Central Core,Legendary,NULL,Core can reconfigure itself to adapt to different types of attacks,Resources/Sprites/Augments/274,Kuba,
275,2,Mobile Core Platform,Central Core,Epic,{core_mobility: 1.0},Core can slowly relocate to more defensible positions,Resources/Sprites/Augments/275,Kuba,
276,2,Quantum Entanglement Core,Central Core,Legendary,NULL,Core exists in multiple dimensions simultaneously making it nearly impossible to destroy,Resources/Sprites/Augments/276,Kuba,
277,2,Core Hibernation Mode,Central Core,Epic,{core_dormant_protection: 0.90},Core can enter low-power mode reducing detectability by 90%,Resources/Sprites/Augments/277,Kuba,
278,2,Core Replication,Central Core,Legendary,NULL,Create backup core that activates if primary core is destroyed,Resources/Sprites/Augments/278,Kuba,
279,2,Viral Infection Immunity,Player,Rare,{player_status_effect_resistance: 0.80},80% resistance to poison disease and other biological effects,Resources/Sprites/Augments/279,Patryk,
280,2,Cybernetic Enhancement,Player,Epic,"{player_reaction_time: 0.50, player_accuracy: 0.40}",Cybernetic implants improve reaction time and accuracy,Resources/Sprites/Augments/280,Patryk,
281,2,Metamorphosis,Player,Legendary,NULL,Transform into different creature types with unique abilities for limited time,Resources/Sprites/Augments/281,Patryk,
282,2,Gravity Manipulation,Player,Legendary,"{player_gravity_control: 1.0, energy_cost_per_use: 50}",Temporarily alter gravity in small area affecting enemy movement,Resources/Sprites/Augments/282,Patryk,
283,2,Nanobots Injection,Player,Epic,{player_healing_over_time: 0.10},Nanobots continuously repair damage healing 10% max health per minute,Resources/Sprites/Augments/283,Patryk,
284,2,DNA Scanning,Player,Rare,NULL,Scan defeated enemies to unlock their abilities for temporary use,Resources/Sprites/Augments/284,Patryk,
285,2,Biorhythm Synchronization,Player,Rare,{player_efficiency_cycles: 0.25},Player effectiveness varies in cycles providing periods of enhanced performance,Resources/Sprites/Augments/285,Patryk,
286,2,Molecular Disruptors,Tower,Legendary,{tower_molecular_damage: 2.0},Towers can disrupt enemy molecular structure ignoring conventional armor,Resources/Sprites/Augments/286,Kuba,
287,2,Dimensional Rifts,Tower,Epic,NULL,Open small portals that redirect enemy attacks to other dimensions,Resources/Sprites/Augments/287,Kuba,
288,2,Memory Metal Construction,Tower,Rare,{tower_self_repair_after_damage: 0.60},Towers made of memory metal slowly return to original shape after damage,Resources/Sprites/Augments/288,Kuba,
289,2,Swarm Intelligence,Tower,Epic,{tower_collective_intelligence: 1.0},Towers develop emergent intelligence becoming more effective over time,Resources/Sprites/Augments/289,Kuba,
290,2,Metamaterial Cloaking,Tower,Legendary,{tower_invisibility_phases: 0.30},Towers can become invisible for 30% of the time cycling on and off,Resources/Sprites/Augments/290,Kuba,
291,2,Bio-Mechanical Fusion,Tower,Epic,{tower_organic_adaptation: 0.40},Towers incorporate biological components allowing them to evolve and adapt,Resources/Sprites/Augments/291,Kuba,
292,2,Quantum Tunneling Shots,Tower,Legendary,{tower_quantum_penetration: 1.0},Tower projectiles can tunnel through solid matter to hit targets,Resources/Sprites/Augments/292,Kuba,
293,2,Dark Matter Reactors,Energy,Legendary,"{energy_exotic_matter: 10.0, dimensional_instability: 0.10}",Harness dark matter for massive energy but risk dimensional tears,Resources/Sprites/Augments/293,Kuba,
294,2,Biological Power Cells,Energy,Epic,{energy_from_organic_matter: 0.60},Convert organic waste and biological material into usable energy,Resources/Sprites/Augments/294,Kuba,
295,2,Psychic Energy Harvesting,Energy,Legendary,{energy_from_mental_activity: 0.30},Generate energy from concentrated mental activity and psychic phenomena,Resources/Sprites/Augments/295,Kuba,
296,2,Antimatter Containment,Energy,Legendary,"{energy_antimatter_output: 20.0, containment_failure_risk: 0.02}",Incredible energy output but catastrophic failure possible,Resources/Sprites/Augments/296,Kuba,
297,2,Crystal Resonance Arrays,Energy,Epic,{energy_crystal_amplification: 1.2},Use resonating crystals to amplify and focus energy production,Resources/Sprites/Augments/297,Kuba,
298,2,Temporal Energy Loops,Energy,Legendary,{energy_time_manipulation: 0.80},Create closed time loops to generate energy from temporal paradoxes,Resources/Sprites/Augments/298,Kuba,
299,2,Void Energy Tapping,Energy,Epic,{energy_from_empty_space: 0.45},Extract energy from quantum vacuum fluctuations in empty space,Resources/Sprites/Augments/299,Kuba,
300,2,Neural Network Power,Energy,Epic,{energy_from_ai_processing: 0.25},Generate energy from artificial intelligence processing activities,Resources/Sprites/Augments/300,Kuba,
301,2,Stellar Fusion Mimicry,Energy,Legendary,{energy_miniature_star: 15.0},Create miniature star-like fusion reactions for massive energy output,Resources/Sprites/Augments/301,Kuba,
302,2,Emotional Energy Conversion,Energy,Rare,{energy_from_emotions: 0.20},Convert strong emotions (fear anger excitement) into usable energy,Resources/Sprites/Augments/302,Kuba,
303,2,Consciousness Transfer Pod,Central Core,Legendary,NULL,Core can transfer consciousness to backup systems ensuring continuity of command,Resources/Sprites/Augments/303,Kuba,
304,2,Reality Anchor System,Central Core,Epic,{core_dimensional_stability: 1.0},Prevent dimensional rifts and reality distortions near the core,Resources/Sprites/Augments/304,Kuba,
305,2,Probability Manipulation,Central Core,Legendary,{core_luck_modification: 0.30},Core can slightly alter probability increasing favorable outcomes by 30%,Resources/Sprites/Augments/305,Kuba,
306,2,Hive Mind Interface,Central Core,Epic,{core_collective_consciousness: 1.0},Core can interface directly with all connected systems and personnel,Resources/Sprites/Augments/306,Kuba,
307,2,Quantum Superposition Core,Central Core,Legendary,NULL,Core exists in multiple states simultaneously until observed by enemies,Resources/Sprites/Augments/307,Kuba,
308,2,Universal Translator,Central Core,Rare,NULL,Core can communicate with and potentially negotiate with intelligent enemy species,Resources/Sprites/Augments/308,Kuba,
309,2,Time Loop Generator,Central Core,Legendary,NULL,Create temporal loop around core area allowing multiple attempts at defense,Resources/Sprites/Augments/309,Kuba,
310,2,Consciousness Backup Network,Central Core,Epic,{core_memory_redundancy: 3},Core maintains 3 backup copies of all critical data and consciousness,Resources/Sprites/Augments/310,Kuba,
311,2,Interdimensional Communication,Central Core,Epic,NULL,Core can communicate with parallel universe versions for strategic advice,Resources/Sprites/Augments/311,Kuba,
312,2,Genesis Protocol,Central Core,Legendary,NULL,If everything else fails core can restart civilization from stored genetic and cultural templates,Resources/Sprites/Augments/312,Kuba,
313,1,Increase fire defense,Player,"Common, Epic",{player_fire_defense: +0.15},Increased fire defense of the player by 15%,Resources/Sprites/Augments/313,Patryk,